{"cameraMode":{"drawMode":0,"name":"Shaded","section":"Shading Mode"},"sceneLighting":true,"audioPlay":false,"sceneViewState":{"showFog":true,"showMaterialUpdate":false,"showSkybox":true,"showFlares":true,"showImageEffects":true,"showParticleSystems":true},"in2DMode":false,"pivot":{"x":-3.930084228515625,"y":-0.5554959177970886,"z":-1.8964389562606812},"rotation":{"x":-0.08722889423370362,"y":-0.8195212483406067,"z":0.12965552508831025,"w":-0.5513414740562439},"size":3.5426313877105715,"orthographic":false}