{"cameraMode":{"drawMode":0,"name":"Shaded","section":"Shading Mode"},"sceneLighting":false,"audioPlay":false,"sceneViewState":{"showFog":false,"showMaterialUpdate":false,"showSkybox":false,"showFlares":false,"showImageEffects":false,"showParticleSystems":false},"in2DMode":false,"pivot":{"x":1334.684326171875,"y":1460.6605224609375,"z":595.129150390625},"rotation":{"x":0.11415266245603562,"y":-0.5890383720397949,"z":0.08452090620994568,"w":0.7956084609031677},"size":8.737785339355469,"orthographic":false}