{"cameraMode":{"drawMode":0,"name":"Shaded","section":"Shading Mode"},"sceneLighting":true,"audioPlay":false,"sceneViewState":{"showFog":true,"showMaterialUpdate":false,"showSkybox":true,"showFlares":true,"showImageEffects":true,"showParticleSystems":true,"showVisualEffectGraphs":true,"m_FxEnabled":true},"in2DMode":false,"pivot":{"x":1.3137831687927247,"y":-4.228738784790039,"z":-5.150343894958496},"rotation":{"x":-0.038669683039188388,"y":0.9583603143692017,"z":-0.23484133183956147,"w":-0.15780675411224366},"size":11.264789581298829,"orthographic":false}